travel_id,adv_nm,adv_seq,payment_num,brno,store_nm,road_nm_addr,lotno_addr,road_nm_cd,lotno_cd,payment_dt,payment_mthd_se,payment_amt_won,payment_etc,sgg_cd
h_h000846,라면.가스,0,1,,청어람마트,602-1,,,,,3,20000,,4833010200
h_h001789,아쿠아슈즈,0,1,,다이소,361-1,,,,,1,4000,,2620012100
h_h002779,여행 가방; 여행 수첩,0,1,,다이소 상일동점,다이소 상일동점,,,,,1,11000,,1174010300
h_h002140,차량용 거치대; 차량용 고속 충전기,0,1,,주식회사 아성 다이소,애플아울렛 3층,,,,,1,11000,,2653010400
h_h001610,스노쿨링장비;모자,0,1,,다이소중화산점,서원로335,,,,,1,10000,,4511112700
h_h000832,옷과 캐리어,2,1,1357700064,Style 21번가,광주 광산구 임방울대로 318,광주 광산구 수완동 1482,2009005,2920011400,2023-06-06 18:41:00,1,11000,샌드30t/아이,
h_h000478,영양밥(이동식),0,1,,빅마마수제영양밥,엘지로55-43,,,,,3,13000,,4122031000
h_h000914,옷,2,3,1040148899,토니,서울 중구 남대문시장8길 16,서울 중구 남창동 46-3,4103022,1114011200,2023-06-09 13:37:00,1,22000,,
h_h002474,햇빈 및 래토르트 식품류,1,4,2138152063,(주)아성다이소,경남 창원시 마산회원구 내서읍 중리공단로 13,경남 창원시 마산회원구 내서읍 원계리 400-24,3330024,4812725027,2023-07-27 20:16:00,1,20000,햇반;오뚜기3분김치참치덮밥소스;오뚜기3분쇠고기카레;오뚜기옛날육개장,
h_h000108,식당예약금,1,1,4300102263,단백,제주특별자치도 서귀포시 성산읍 성산중앙로 17,제주특별자치도 서귀포시 성산읍 성산리 164-11,3350155,5013025921,2023-06-05 00:05:00,1,22000,,
h_h006332,가스 충전비 (주유비),0,2,,GS칼텍스 대홍충전소,1706,,,,,1,32540,,5013010500
h_h000028,삼다수 물 2L,0,3,,GS편의점,오복 5길 5 gs편의점,,,,,3,1500,,5011010400
h_h000037,마음샌드,0,2,,파리바게뜨 제주공항렌트카하우스점,공항로2 제주국제공항 렌트카하우스,,,,,1,48000,,5011010900
h_h000043,아기 이유식 인터넷구매,0,1,,짱죽,238-2,,,,,1,51200,,4617013000
h_h000055,등산스틱,0,1,,당근구매,,,,,,5,45000,,1121510300
h_h000069,제주투어패스,1,2,2118841856,주식회사티몬,서울 강남구 테헤란로 114,서울 강남구 역삼동 824,3122010,1168010100,2023-05-11 00:00:00,1,20900,"[여행박람회]제주투어패스 제주여행 프리패스권,48시간/72시간/120시간 이용권",
h_h000069,제주투어패스,2,2,2118841856,㈜티몬,서울 강남구 압구정로 118,서울 강남구 신사동 529-4,3122007,1168010700,2023-05-10 00:00:00,1,20900,[여행박람회]제주투어패스 제주여행 프리패스권,
h_h000076,비키니,1,1,1208800767,(주)쿠팡,서울 송파구 송파대로 570,서울 송파구 신천동 7-30,2005011,1171010200,2023-05-20 00:00:00,1,22900,헤링본 도로시 홀터넥 섹시 스트랩 볼륨업 비키니 수영복 호캉스 휴양지 비치웨어,
h_h000076,비키니,2,1,1208800767,쿠팡,서울 송파구 송파대로 570,서울 송파구 신천동 7-30,2005011,1171010200,2023-05-22 00:00:00,1,22100,"하운드 체크 모노키니 2 피스 스트랩 수영복, 블랙L",
h_h000080,우도전동차 렌트,1,1,2281161974,우도전동차렌트,제주특별자치도 제주시 우도면 상우목길 23-15,제주특별자치도 제주시 우도면 연평리 2137-1,4847876,5011033021,2023-05-18 22:37:00,1,30000,전기차 싸이드카 역삼륜오토바이 스쿠터;전기자전거 종일권 야간대여,
h_h000087,캐리어,1,3,2208183676,주식회사 지마켓,서울 강남구 테헤란로 152,서울 강남구 역삼동 737,3122010,1168010100,2023-05-16 00:00:00,1,65040,나인티고 캐리어 다뉴브 기내용20인치,
h_h000095,모자,0,1,,이마트 양재점,서울 서초구 매헌로 16,,,,,1,2000,,1165010200
h_h000097,랜딩다이닝 저녁 뷔페 이용권,0,6,,신화월드 랜딩다이닝,신화역사로 304번길 38,,,,,2,466030,,5013031000
h_h000104,빵,0,4,,수더분,,,,,,1,18500,,1144010200
h_h000108,식당예약금,2,1,7978101854,주식회사 포잉코퍼레이션,서울 중구 동호로17길 13,서울 중구 신당동 821-3,4103094,1114016200,2023-06-02 21:16:00,1,15000,세컨드스토리,
h_h000120,아이스 아메리카노,0,1,,블루샥 문현지게골점,351-30,,,,,1,2000,,2629010900
h_h000150,삼겹살,0,3,,홈플러스 서귀포점,홈플러스 서귀포점,,,,,1,50000,,5013010500
h_h000155,햇반; 아기이유식; 유아용간식,0,4,,이마트 가든파이브점,송파구 충민로10 가든파이브툴 지하1층,,,,,1,34800,,1171010800
h_h000185,아기 이유식 및 간식,1,3,2208160348,홈플러스,울산 남구 수암로 148,울산 남구 야음동 789-91,3170032,3114010800,2023-05-18 18:44:00,1,42000,매일유업 핑크퐁 요미요미 미니팝 구운 옥수수 외 13건,
h_h000192,렌트카용 카시트,1,1,1128600705,베베핏,서울 서초구 태봉로 114,서울 서초구 우면동 142,3121020,1165010300,2023-04-02 00:00:00,1,45000, 리안 부스터카,
h_h000212,캐리어,1,3,1208800767,쿠팡(주),서울 송파구 송파대로 570,서울 송파구 신천동 7-30,2005011,1171010200,2023-05-28 00:00:00,1,75890,"코멧 마스크 스트랩 목걸이줄 투톤 4p,4p(투톤);브라이튼 브이 하드 캐리어,미드나잇블루,28형",
h_h000215,주유,0,1,,주유소,,,,,,1,50000,,5011031000
h_h000222,제주투어패스,1,2,2068689631,(주)엘에스컴퍼니,제주특별자치도 제주시 청사로 11,제주특별자치도 제주시 도남동 573-2,3349193,5011012900,2023-05-09 00:00:00,1,41300,제주투어패스 48시간 특가,
h_h000225,캐리어,1,1,2588701370,와디즈(주),경기 성남시 분당구 판교로 242,경기 성남시 분당구 삼평동 624,3180051,4113510900,,3,59000,라일락 가든,
h_h000248,도고렉스타 압박스타킹,1,1,1208800767,쿠팡(주),서울 송파구 송파대로 570,서울 송파구 신천동 7-30,2005011,1171010200,2023-05-29 00:00:00,1,29750,"도고렉스타505번 강압 종아리형압박스타킹 블랙,S,1개,종아리/무릎형",
h_h000275,휴대폰 보조배터리,1,1,2208183676,주식회사 지마켓 ,서울 강남구 테헤란로 152,서울 강남구 역삼동 737,3122010,1168010100,2023-06-01 15:29:00,1,25900,,
h_h000276,빛의벙커 입장권,0,3,,(주)플레이스엠,논현로75길 8,,,,,4,49000,,1168010100
h_h000283,비행기 값,1,4,,,,,,,2023-05-26 09:53:00,1,171200,비행기표,
h_h000283,비행기 값,2,4,,,,,,,2023-05-26 09:53:00,1,329200,비행기표,
h_h000291,커피,0,2,,CU김포공항,하늘길 84 3층 김포공항국내선점,,,,,1,6000,,1150010900
h_h000304,제주패스,1,3,2178114493,(주)티몬,서울 중구 을지로 170,서울 중구 을지로4가 323,3101006,1114015000,2023-05-29 02:39:00,1,70500,,
h_h000312,보조배터리,1,1,1068676229,(주)리큐엠,서울 영등포구 양산로 43,서울 영등포구 양평동3가 16,3118016,1156012700,2023-05-25 01:09:00,1,21599,리큐엠 20W 고속충전 LCD잔량표시 10000MAH 미니 보조배터리 QP1000A,
h_h000314,공차,1,1,2148884534,공차,부산 강서구 공항진입로 108,부산 강서구 대저2동 2350-1,3136004,2644010200,2023-05-31 12:01:00,1,4900,피스타치오 밀크티L,
h_h000317,커피,1,1,2018121515,스타벅스,제주특별자치도 제주시 연삼로 884,제주특별자치도 제주시 도련일동 2191-2,3349137,5011013000,2023-06-06 15:14:00,3,15600,G)자바칩F;G)제주유기농말차F,
h_h000339,수영복,0,1,,까까베이커리,889-2 (네이버스마트스토어를 통해 구매),,,,,1,16170,,2920011500
h_h000344,비행기표.렌트카.숙소.,1,2,1048183563,(주)제주도닷컴,서울 구로구 디지털로32길 30,서울 구로구 구로동 222-7,4148337,1153010200,2023-06-04 00:00:00,1,64970,코델리아S호텔 ,
h_h000344,비행기표.렌트카.숙소.,3,2,1048183563,(주)제주도닷컴,서울 구로구 디지털로32길 30,서울 구로구 구로동 222-7,4148337,1153010200,2023-06-06 00:00:00,1,44630,코델리아S 호텔,
h_h000344,비행기표.렌트카.숙소.,5,2,8258100091,에어서울 주식회사,서울 강서구 하늘길 176,서울 강서구 공항동 1373-5,4145490,1150010800,2023-05-24 00:00:00,1,64800,비행기표,
h_h000456,스노클마스크; 숏핀; 셀카봉,0,2,,벤디스,692-9 2층,,,,,3,113000,,4141010500
h_h000464,비행기티켓,0,4,,대한항공,김포공항,,,,,1,590000,,1150010900
h_h000473,등산스틱,1,1,2208183676,주식회사 지마켓,서울 강남구 테헤란로 131,서울 강남구 역삼동 647-9,3122010,1168010100,2023-05-19 22:04:00,1,42900,트렉스타 보이져 4단 등산스틱 2p1세트+케이스 ,
h_h000475,다이닝 공연,0,4,,해녀의부엌,북촌9길 31,,,,,1,236000,,5011025900
h_h000481,앤디앤라라홈 뮤즈,0,1,,앤디앤라라홈 뮤즈,광상로 538 에이동,,,,,3,24000,,5011025300
h_h000482,여행용 짐가방2개,0,6,,비밀공구,177-12,,,,,1,17800,,4148011100
h_h000484,제주패스48시간이용권 꽈배기도넛 꽈배기 소보루빵 방울토마토 사과 짜요짜요 채소미각,1,4,2023601337,파리바게뜨,제주특별자치도 제주시 애월읍 하광로 41,제주특별자치도 제주시 애월읍 하귀1리 213-8,3349202,5011025340,2023-06-07 09:41:00,1,5400,NEW꽈배기도넛;우리찹쌀왕꽈배기;소보루(성형),
h_h000484,제주패스48시간이용권 꽈배기도넛 꽈배기 소보루빵 방울토마토 사과 짜요짜요 채소미각,2,4,6168223143,하귀농협 하나로마트,제주특별자치도 제주시 애월읍 일주서로 7136,제주특별자치도 제주시 애월읍 하귀1리 190-1,3349236,5011025340,2023-06-07 09:30:00,1,26080,대추방울토마토;농협식품)아름찬채소미각;사과(봉지);서울우유)짜요짜요_복숭아,
h_h000484,제주패스48시간이용권 꽈배기도넛 꽈배기 소보루빵 방울토마토 사과 짜요짜요 채소미각,3,4,2118841856,(주)티몬,서울 강남구 압구정로 118,서울 강남구 신사동 529-4,3122007,1168010700,2023-06-06 00:00:00,1,87600,제주투어패스 제주여행 프리패스권,
h_h000498,왕복항공권,1,1,2208155597,(주)케이지이니시스,서울 중구 통일로 92,서울 중구 순화동 1-170,3000008,1114016800,2023-05-28 13:13:00,1,40800,,
h_h000498,왕복항공권,2,1,6058184518,에어부산(주),부산 강서구 유통단지1로57번가길 6,부산 강서구 대저2동 3148-5,3136083,2644010200,2023-05-28 13:19:00,1,54180,비행기표,
h_h000500,보조배터리,1,1,1208800767,쿠팡(주),서울 송파구 송파대로 570,서울 송파구 신천동 7-30,2005011,1171010200,2023-06-03 00:00:00,1,24900,"대용량 보조배터리 잔량표시,블랙,블랙",
h_h000512,제주투어패스 48시간권,0,5,,제주투어패스,청사로 11 4층,,,,,1,70000,,5011012900
h_h000516,보조배터리,0,2,,쿠팡(주),7-30,,,,,1,14150,,1171010200
h_h000518,버킷햇,1,1,1138519030,이랜드월드 패션 사업부,서울 금천구 가산디지털1로 159,서울 금천구 가산동 371-12,3117001,1154510100,2023-06-03 21:13:00,1,23715,유틸리티 스포티즘 버킷햇 ,
h_h000520,등산화,1,1,2068650913,이마트,경북 경산시 옥산로 227,경북 경산시 중산동 623,3313051,4729011000,2023-06-06 21:05:00,1,79000,아식스 신발 ,
h_h000523,모자,0,1,,이마트 영천점,최무선로83,,,,,3,10800,,4723012400
h_h000531,옷- 가디건2개; 티 1개; 케이스,0,1,,토스페이먼츠주식회사,한국지식재산센터 131  15층,,,,,1,94080,,1168010100
h_h000537,올패스 입장권 티켓,2,4,6168197240,주식회사 브이패스,제주특별자치도 제주시 중앙로 352,,3349184,5011010400,2023-06-02 00:00:00,1,18250,48시간 올패스 이용권,
h_h000580,아강 사전예약,0,2,,아강,남원체육관로 1871,,,,,1,60000,,5013025300
h_h000581,의류,1,1,5278800686,(주)LF_카카오페이,경기 성남시 분당구 판교역로 152,경기 성남시 분당구 백현동 537,3179025,4113511000,2023-06-12 18:23:00,1,123100,,
h_h000583,휴애리입장권 및 오설록디저트베스트A세트,1,2,,오설록,제주특별자치도 서귀포시 안덕면 신화역사로 15,제주특별자치도 서귀포시 안덕면 서광리 1235-1,3350197,5013031027,2023-06-28 14:26:00,1,16400,오설록 베스트A세트,
h_h000583,휴애리입장권 및 오설록디저트베스트A세트,2,2,2208742885,㈜야놀자,서울 강남구 테헤란로108길 42,서울 강남구 대치동 1003,4166713,1168010600,2023-06-28 10:50:00,1,23400,[제주]휴애리 입장권,
h_h000589,항공권. 렌트. 숙박. 놀이동산티켓,0,4,,탐라렌트카,1588-2,,,,,1,8000,,5011010900
h_h000609,항공권,1,1,1108114794,(주)대한항공,서울 강서구 하늘길 260,,4145490,1150010800,2023-05-16 00:00:00,1,45900,비행기표,
h_h000609,항공권,2,1,6058184518,에어부산(주),부산 강서구 유통단지1로57번가길 6,부산 강서구 대저2동 3148-5,3136083,2644010200,2023-05-27 00:00:00,1,79600,비행기표,
h_h000653,카메라삼각대,1,2,5248601528,네이버파이낸셜주식회사 ,경기 성남시 분당구 정자일로 95,경기 성남시 분당구 정자동 178-4,3180021,4113510300,2023-06-26 00:00:00,1,32500,베스트로딩 BLT-420d카메라 스마트폰 삼각대 카메라 삼각대,
h_h000673,여행용캐리어,1,1,2208183676,주식회사 지마켓,서울 강남구 테헤란로 152,서울 강남구 역삼동 737,3122010,1168010100,2023-05-18 00:00:00,1,79900,중대형 여행용 캐리어,
h_h000674,비상약,0,2,,하나약국,계산리,,,,,1,17000,,4374025000
h_h000689,각종 공연 예매,1,4,2118841856,㈜티몬 ,서울 강남구 압구정로 118,서울 강남구 신사동 529-4,3122007,1168010700,2023-06-19 00:00:00,1,58800,,
h_h000689,각종 공연 예매,2,4,5248601528,네이버파이낸셜 주식회사,경기 성남시 분당구 정자일로 95,경기 성남시 분당구 정자동 178-4,3180021,4113510300,2023-06-04 00:00:00,1,56000,환상숲 곶자왈공원 외 7건,
h_h000701,스노쿨링 장비와 암튜브,1,2,,,,,,,2023-06-10 21:41:00,1,28000,아넥스 일안식 성인 스노쿨링 세트,
h_h000701,스노쿨링 장비와 암튜브,2,2,,,,,,,2023-06-10 21:42:00,1,11340,씨앤초이스 암튜브 ,
h_h000740,여행자보험,0,4,,트래블로버,당산로41길11,,,,,1,11989,,1156011700
h_h000756,여행가방,1,4,1624200308,정직한이웃,전북 전주시 덕진구 무삼지로 40,전북 전주시 덕진구 인후동1가 890-1,3267022,4511310300,2023-05-05 21:37:00,1,64800,폴리카보네이트 초경량 여행용 캐리어,
h_h000760,보조배터리,0,1,,몽땅할인매장,수양로 180,,,,,3,20000,,4831011300
h_h000763,제주투어패스 48시간 이용권 2매,1,2,5248601528,네이버파이낸셜 주식회사,경기 성남시 분당구 정자일로 95,경기 성남시 분당구 정자동 178-4,3180021,4113510300,2023-05-03 00:00:00,1,17320,제주투어패스,
h_h000763,제주투어패스 48시간 이용권 2매,2,2,5248601528,네이버파이낸셜주식회사 ,경기 성남시 분당구 정자일로 95,경기 성남시 분당구 정자동 178-4,3180021,4113510300,2023-05-03 00:00:00,1,17320,제주투어패스,
h_h000768,스노클링 장비,1,1,3148531165,롯데마트,대전 유성구 테크노중앙로 14,대전 유성구 관평동 887,3167080,3020014600,2023-06-15 21:08:00,1,16830,두원리퍼브생활잡화,
h_h000771,제주투어패스(티몬상품),0,3,,58700,573-24,,,,,1,58700,,5011012900
h_h000772,항공권,0,1,,아시아나항공,아시아나항공,,,,,1,27800,,1150011300
h_h000773,아이 간식(젤리;과자;음료수) 구매,0,2,,다이소 양산증산점,청운로 178,,,,,3,30000,,4833025300
h_h000788,옷,1,1,7318600511,(주)언더비,서울 성북구 화랑로 172,서울 성북구 상월곡동 23-160,3005046,1129013700,2023-06-21 00:00:00,3,95500,썸머 페이퍼 하프셔츠; Half penny 블라우스,
h_h000794,신발,0,2,,스타필드고양,370,,,,,1,45000,,4128111200
h_h000797,모자 2개,1,2,1388524115,롯데쇼핑(주) 평촌점,경기 안양시 동안구 시민대로 180,경기 안양시 동안구 호계동 1039,2182002,4117310400,2023-06-14 19:48:00,1,66680,,
h_h000815,제주패스,0,4,,제주패스,,,,,,1,95600,,5011025000
h_h000817,우비,0,4,,쿠팡,438-9,,,,,4,17000,,3020011500
h_h000832,옷과 캐리어,1,1,8158101244,11번가(주),서울 중구 한강대로 416,,2005005,1114011800,2023-05-21 00:00:00,1,96580,아메리칸투어리스터 ELLEN 캐리어,
h_h000832,옷과 캐리어,3,1,8178500026,(유)무등스포츠 롯데아울렛,광주 광산구 장신로 98,광주 광산구 장덕동 1678,3163047,2920012300,2023-05-20 20:02:00,1,44100,아디다스 남성스포츠티,
h_h000832,옷과 캐리어,4,1,2338600318,(주)어반유니온,경북 구미시 구미대로22길 11,경북 구미시 신평동 465,4724054,4719011100,2023-06-05 14:51:00,1,19900,트렌딧 여성스웨터/풀오,
h_h000832,옷과 캐리어,5,1,2338600318,(주)어반유니온,경북 구미시 구미대로22길 11,경북 구미시 신평동 465,4724054,4719011100,2023-06-06 17:24:00,1,49900,트렌딧 여성스웨터/풀오버,
h_h000852,다이빙 체험비,1,2,7341002212,해빛다이브,제주특별자치도 서귀포시 칠십리로 123,제주특별자치도 서귀포시 서귀동 42,3350263,5013010100,2023-06-04 12:17:00,1,760000,,
h_h000857,소수의견 자리 예약,0,1,,난산리 식당 런치,제주 서귀포시 성산읍 난산로41번길 38,,,,,5,20000,,5011031000
h_h000868,청수리반딪불이축제 입장료,1,4,6168265615,청수마을회 (반딧불이마을 영농조합법인),제주특별자치도 제주시 한경면 대한로 1036,,3350337,5011031021,2023-05-25 14:10:00,1,35000,,
h_h000871,바지,0,1,,홈플러스 탑텐,157-22,,,,,3,15900,,2826012200
h_h000890,서핑강습,1,1,,,,,,,2023-06-11 16:15:00,3,50000,(애월)서핑강습 패들보드 제트서프 새마을서핑운동,
h_h000895,렌트카 대여,1,3,3818700292,다움렌트카,제주특별자치도 제주시 제성1길 75,제주특별자치도 제주시 도두일동 1175-1,4848682,5011012700,2023-06-09 11:40:00,3,152000,렌트비,
h_h000898,차량랜트,1,3,1168119948,한국정보통신(주),서울 중구 세종대로 39,서울 중구 남대문로4가 45,2005001,1114011700,2023-06-20 00:00:00,1,67900,모두투어,
h_h000899,아이들 간식거리(빵; 음료; 젤리),0,2,,하나로마트 왜관남부점,중앙로 143,,,,,3,20000,,4785025021
h_h000914,옷,1,3,5328501731,AK플라자,경기 군포시 엘에스로 143,경기 군포시 금정동 916,3182030,4141010500,2023-06-08 12:26:00,1,69500,,
h_h000917,암튜브 스노쿨링 장비,1,1,1208800767,(주)쿠팡,서울 송파구 송파대로 570,서울 송파구 신천동 7-30,2005011,1171010200,2023-06-09 00:00:00,3,20880,씨앤초이스 암튜브 유아 성인 공용 물놀이 팔 링 튜브;커넥티아 스노클링 세트,
h_h000920,빵,1,4,5351600303,뚜레쥬르,경기 구리시 갈매길 101,경기 구리시 갈매동 480-14,4388001,4131010100,2023-06-24 19:43:00,1,19800,햄야채롤(6개입);생크림버터스콘;우유스틱브레드;뚜레쥬르휭거마드레느;낙엽소시지브레드,
h_h000922,중고텐트,0,1,,중고거래,판매자 거주지,,,,,5,60000,,2920011600
h_h001038,제주마음샌드,0,3,,파리파게트제주공항탑승점,파리바게뜨 제주공항탑승점,,,,,1,48000,,5011010900
h_h001041,제주귤모자,0,3,,아이엠써니,75-1  1층 아이엠써니,,,,,1,17400,,4215010600
h_h001063,아이브로우,1,1,2208777410,(주)네이처리퍼블릭 광명사거리역,경기 광명시 오리로 지하 980,경기 광명시 광명동 158-211,3000022,4121010100,2023-06-11 00:00:00,1,8330,,
h_h001065,음료수와 빵,1,1,2018121515,스타벅스,제주특별자치도 서귀포시 남원읍 일주동로 7129,제주특별자치도 서귀포시 남원읍 남원리 164,3349235,5013025321,2023-06-23 11:41:00,3,11600,G)딸기L리프레셔;트리플 크로크무슈,
h_h001074,음료구입,1,3,4780700070,GS25,제주특별자치도 제주시 진군1길 13,제주특별자치도 제주시 노형동 737-2,4848799,5011012200,2023-06-11 12:33:00,1,7600,환타오렌지; 환타파인; 마운틴블러,
h_h001076,의류,1,1,8550101027,로로희,경기 수원시 권선구 동수원로82번길 29,경기 수원시 권선구 곡반정동 570-14,4325199,4111313600,2023-06-12 19:03:00,1,50397,끌로 꼬임 원피스/앞뒤착용가능,
h_h001076,의류,3,1,8550101027,로로희,경기 수원시 권선구 동수원로82번길 29,경기 수원시 권선구 곡반정동 570-14,4325199,4111313600,2023-06-12 19:03:00,1,46065,로라 리본 린넨 블라우스 ,
h_h001078,서핑,1,2,,서피플서프,제주특별자치도 제주시 애월읍 곽지9길 21,제주특별자치도 제주시 애월읍 곽지리 1565-47,4847151,5011025337,,1,100000,제주도체험 서핑강습,
h_h001101,스노쿨링 장비,0,2,,16000,제주시 중앙로213,,,,,1,16000,,5011010400
h_h001121,항공권,1,2,4018132460,이스타항공(주),서울 강서구 공항대로 236,서울 강서구 마곡동 801,2005007,1150010500,2023-06-22 00:00:00,1,109600,비행기표,
h_h001121,항공권,3,2,4018132460,이스타항공(주),서울 강서구 공항대로 236,서울 강서구 마곡동 801,2005007,1150010500,2023-06-20 15:40:00,1,43600,비행기표 ,
h_h001127,튜브; 펌프,0,2,,다이소,명물길27,,,,,1,11000,,1141011600
h_h001136,어린이용 보행기튜브,0,1,,(주)로이비쥬얼,학동로30길 5  양진프라자6층,,,,,1,33900,,1168010800
h_h001148,삼각대,1,2,1208800767,쿠팡(주),서울 송파구 송파대로 570,서울 송파구 신천동 7-30,2005011,1171010200,2023-06-12 23:42:00,1,24250,"아즈나 카메라 스마트폰 삼각대 리모컨 세트, SR-1(화이트)",
h_h001150,프린팅돗자리,1,1,5862200544,(주)아성다이소,경남 양산시 동면 금오2길 68,경남 양산시 동면 석산리 1478-4,4814974,4833031026,2023-06-29 10:44:00,1,5000,프린팅돗자리,
h_h001152,모자;선글라스,0,6,,아이엠써니,75-1,,,,,1,37600,,4215010600
h_h001162,과자와 콤부차,0,1,,쿠팡,,,,,,1,30000,,1171010400
h_h001168,햇반; 과자,0,2,,하모니마트 한대점,718-6,,,,,1,45000,,4127110200
h_h001184,가스트로관수 네이버예약,0,4,,가스트로관수,375-13,,,,,4,260000,,5011010200
h_h001188,의류 및 악세사리,0,2,,에이블리,1303-22,,,,,1,75050,,1165010800
h_h001206,비행기 숙소 티켓 렌트,4,2,6168197240,주식회사 브이패스,제주특별자치도 제주시 중앙로 352,,3349184,5011010400,2023-06-20 03:14:00,3,57000,제주 루나폴 야간+산방산탄산온천/제주도 여행 디지털 테마파크 미디어 아트 관광지 입장권,
h_h001224,우비,0,3,,다이소,서울 강서구 공항대로 627,,,,,1,9000,,1150010100
h_h001233,수영복,1,1,,안단테,,,,,2023-06-19 00:00:00,1,79000,,
h_h001254,래쉬가드,1,1,1458700401,주식회사 엔제이디자인스튜디오,경기 고양시 일산동구 정발산로 11,경기 고양시 일산동구 장항동 863-2,3193031,4128510400,2023-06-20 21:09:00,1,67800,나이키 여자 래쉬가드 드라이핏 ,
h_h001260,수영시 핸드폰 넣을 방수팩,1,2,2268802234,밸류엠,경기 부천시 길주로411번길 28-20,경기 부천시 춘의동 74-1,4352024,4119010300,2023-06-21 16:47:00,1,12900,1+1프리미엄 방수팩,
h_h001262,핸드폰 보조밧데리,0,1,,스피디speedy슬림듀얼10000mAh,통일로395 온라인 쇼핑몰,,,,,1,20000,,1141011100
h_h001269,복숭아 음료수,1,2,6161811613,GS25,제주특별자치도 제주시 신대로 63,제주특별자치도 제주시 연동 301-10,3349111,5011013700,2023-06-20 09:24:00,1,2200,납작복숭아,
h_h001288,잠옷,0,1,,롯데백화점 본점,1,,,,,2,135000,,1114011100
h_h001299,제주올패스,0,17,,티몬,입구정로118 아리지빌딩,,,,,1,593300,,1168011000
h_h001306,우도 전기 스쿠터 렌트,0,2,,[걸리버여행기] 우도전기차 대여 예약; 최신형 전기자전거; 스쿠터; 사이드카,우도로 10 1층 (우 : 63365),,,,,5,40000,,5011033000
h_h001309,제주카페패스,1,2,,제주패스,,,,,2023-06-20 11:52:00,1,13900,카페패스 3일 프리미엄,
h_h001309,제주카페패스,2,2,4118601799,토스페이먼츠 주식회사,서울 강남구 테헤란로 131,서울 강남구 역삼동 647-9,3122010,1168010100,2023-06-20 11:52:00,1,13200,,
h_h001322,비행기티켓,1,1,1108114794,(주)대한항공 ,서울 강서구 하늘길 260,,4145490,1150010800,2023-05-06 00:00:00,1,38900,비행기표,
h_h001322,비행기티켓,2,1,1218189086,㈜진에어,서울 강서구 공항대로 453,서울 강서구 등촌동 653-25,2005007,1150010200,2023-06-12 00:00:00,1,74800,비행기표,
h_h001345,커피 및 베이커리,1,2,7620202449,카페베네,경북 포항시 남구 동해면 일월로 18,,3303040,4711132021,2023-06-19 10:22:00,1,12100,,
h_h001385,주유,1,3,6160865385,동귀주유소,제주특별자치도 제주시 애월읍 일주서로 7092,제주특별자치도 제주시 애월읍 하귀1리 1548-9,3349236,5011025340,2023-07-09 15:26:00,1,50000,주유비,
h_h001396,우비,0,1,,다이소,오리로 865 1층,,,,,1,1000,,4121010200
h_h001406,올패스.제주패스,1,2,2118841856,(주)티몬,서울 강남구 압구정로 118,서울 강남구 신사동 529-4,3122007,1168010700,2023-06-12 00:00:00,1,98000,"제주투어패스 제주여행 프리패스, 48시간/72시간/120시간 이용권(구매 2개)",
h_h001406,올패스.제주패스,2,2,2118841856,㈜티몬,서울 강남구 압구정로 118,서울 강남구 신사동 529-4,3122007,1168010700,2023-05-08 00:00:00,1,59000,[단하루]제주여행 올패스 48시간/72시간/120시간 프리패스 이용권,
h_h001447,항공권,1,2,6058184518,에어부산(주),부산 강서구 유통단지1로57번가길 6,부산 강서구 대저2동 3148-5,3136083,2644010200,2023-06-07 13:55:00,1,92750,비행기표,
h_h001447,항공권,2,2,1048164440,(주)노랑풍선,서울 중구 수표로 31,서울 중구 저동2가 64,3005006,1114016100,2023-06-07 13:55:00,1,92750,비행기표 ,
h_h001447,항공권,3,2,1048164440,(주)노랑풍선,서울 중구 수표로 31,서울 중구 저동2가 64,3005006,1114016100,2023-06-07 13:55:00,1,1000,,
h_h001447,항공권,4,2,6058184518,에어부산(주),부산 강서구 유통단지1로57번가길 6,부산 강서구 대저2동 3148-5,3136083,2644010200,2023-06-07 13:50:00,1,47710,비행기표 ,
h_h001453,수영복,1,1,,박하쇼룸,,,,,2023-06-30 00:00:00,3,36955,M-2XL 빅사이즈 프릴 시스루 비치 가디건,
h_h001466,항공권,1,4,1018194800,티웨이항공,서울 강서구 하늘길 210,서울 강서구 공항동 1373-5,4145490,1150010800,2023-05-22 20:32:00,1,626400,비행기표,
h_h001478,항공편/렌트키/숙소,2,2,,한담누리 게스트하우스,제주특별자치도 제주시 애월읍 일주서로 6158,제주특별자치도 제주시 애월읍 애월리 2443-2,3349236,5011025334,2023-06-28 00:00:00,1,50000,숙박비,
h_h001492,옷(티;반바지);샌들;비상약,0,4,,nc백화점 야탑점,357-1,,,,,1,210000,,4113510700
h_h001520,보조밧데리,0,2,,쿠팡,복현화성타운,,,,,1,13900,,2723011200
h_h001529,셀카봉,0,1,,아라리,직접 방문 아님 인터넷 구매,,,,,1,26700,,1111010100
h_h001551,단백-저녁으로 목살1인분,1,1,5248601528,네이버파이낸셜,경기 성남시 분당구 정자일로 95,경기 성남시 분당구 정자동 178-4,3180021,4113510300,2023-06-27 00:00:00,1,23000,단백 ,
h_h001563,제주공항에서 세면도구,1,3,8098101574,CJ올리브영(주),제주특별자치도 제주시 공항로 2,,3349012,5011010900,2023-06-30 20:51:00,1,37100,센카 퍼펙트 휩 페이셜 워시;갸스비수퍼하드스타일링폼;마녀공장 퓨어 엔자임 클렌징 워터;셀리맥스 어성초 바하 지우개매가행사;박준뷰티랩 살롱 새치커버 염색약 네추,
h_h001595,항공권,1,2,4018132460,이스타항공(주),전북 군산시 옥서면 산동길 2,,4604441,4513040022,2023-05-29 20:35:00,1,363200,비행기표 ,
h_h001596,항공권,1,1,,트립닷컴,,,,,2023-07-05 00:14:00,1,23600,비행기표,
h_h001596,항공권,2,1,1218189086,진에어,서울 강서구 공항대로 453,서울 강서구 등촌동 653-25,2005007,1150010200,2023-07-02 11:54:00,1,19530,비행기표,
h_h001645,자전거 가방,0,1,,쿠팡,,,,,,1,20270,,1171010200
h_h001650,운동화,0,1,,자루아울렛 데상트,신항리 17-3,,,,,3,71900,,4420036000
h_h001660,렌트카렌트,1,3,1228625931,매일렌트카,제주특별자치도 제주시 용해로 58-15,제주특별자치도 제주시 용담이동 917-11,3349156,5011010900,2023-06-30 09:42:00,1,50900,렌트비,
h_h001667,렌트카,1,1,1058776000,주식회사 캐플릭스,제주특별자치도 제주시 신광로 21,제주특별자치도 제주시 연동 271-6,3349109,5011013700,,1,147255,니로 EV 71시간 [스마트렌트카] ,
h_h001668,펜츠,1,1,8248102515,주식회사 인터파크,서울 강남구 삼성로 512,서울 강남구 삼성동 157-1,3122005,1168010500,2023-06-17 13:16:00,1,28100,,
h_h001675,제주프리패스,1,1,2068689631,주식회사 엘에스컴퍼니,제주특별자치도 제주시 청사로 11,제주특별자치도 제주시 도남동 573-2,3349193,5011012900,,1,49800,,
h_h001686,스노쿨링 마스크,1,2,1208800767,쿠팡(주),서울 송파구 송파대로 570,서울 송파구 신천동 7-30,2005011,1171010200,2023-07-02 00:00:00,1,74800,위크나인 아쿠아마린 스노클링 마스크M;위크나인 아쿠아마린 스노클링 마스크L,
h_h001703,커피,0,2,,봄봄연동점,제주시 연북로 48,,,,,4,5200,,5011013700
h_h001742,스노쿨링 마스크,1,1,1208800767,쿠팡(주),서울 송파구 송파대로 570,서울 송파구 신천동 7-30,2005011,1171010200,2023-07-07 00:00:00,1,25900,다이비프로 아동용 익스트림 풀페이스 스노쿨링 마스크,
h_h001752,981파크 바베큐,1,2,6168622439,모노리스제주파크 주식회사,제주특별자치도 제주시 애월읍 천덕로 880-24,제주특별자치도 제주시 애월읍 어음리 산 131,3349188,5011025336,2023-07-04 14:34:00,1,28000,981 올데이 BBQ(2인),
h_h001768,보조배터리.셀카봉.깔창;간식,0,1,,20000,370 스타필드고양점 B1층,,,,,1,16000,,4128111200
h_h001873,선글라스 2개,1,2,4118601799,(주)무신사,서울 강남구 테헤란로 131,서울 강남구 역삼동 647-9,3122010,1168010100,2023-06-25 22:58:00,1,51298,,
h_h001874,간식 물,1,4,2268215800,서귀포농협하나로마트,제주특별자치도 서귀포시 516로 40-1,제주특별자치도 서귀포시 토평동 880-1,3020004,5013011100,2023-07-02 17:14:00,1,77040,제주삼다수;초밥(팩);브이콘;딸기쨈;튀김우동컵,
h_h001905,제주카페패스 7일권 2매,1,2,4118601799,토스페이먼츠 주식회사,서울 강남구 테헤란로 131,서울 강남구 역삼동 647-9,3122010,1168010100,2023-06-30 22:08:00,1,2056,,
h_h001905,제주카페패스 7일권 2매,2,2,4118601799,토스페이먼츠 주식회사,서울 강남구 테헤란로 131,서울 강남구 역삼동 647-9,3122010,1168010100,2023-06-27 23:08:00,1,1664,,
h_h001906,의류,1,1,,난닝구_롯데쇼핑(주),인천 미추홀구 연남로 35,인천 미추홀구 관교동 15,3151031,2817710600,,1,34900,,
h_h001935,짐캐리 캐리어배송 서비스 2번,1,1,3948601247,(주)짐캐리,부산 동구 중앙대로 206,부산 동구 초량동 1187-1,2000010,2617010100,2023-07-11 17:44:00,1,10000,제주수하물 운송,
h_h001935,짐캐리 캐리어배송 서비스 2번,2,1,3948601247,(주)짐캐리,부산 동구 중앙대로 206,부산 동구 초량동 1187-1,2000010,2617010100,2023-07-04 20:43:00,1,10000,제주수하물 운송 ,
h_h001959,티셧츠,1,1,6068164892,(주)티비에이치글로벌,서울 강남구 봉은사로 456,서울 강남구 삼성동 114-15,3122004,1168010500,2023-06-28 00:00:00,1,74910,마인드브릿지 정해인오버핏 남자셔츠;슬릿넥배색오버핏카라티셔츠,
h_h001965,제주도 투어패스,1,1,2208742885,(주)야놀자,서울 강남구 테헤란로108길 42,서울 강남구 대치동 1003,4166713,1168010600,2023-07-04 07:49:00,1,24900,[제주]제주투어패스 프리패스 자유이용권,
h_h001989,제주투어패스 3매,1,4,2118841856,(주)티몬,,,,,2023-05-16 21:52:00,1,42600,,
h_h001989,제주투어패스 3매,2,4,1168119948,한국정보통신(주),서울 중구 세종대로 39,서울 중구 남대문로4가 45,2005001,1114011700,2023-05-16 21:51:00,1,40500,,
h_h002006,슬리퍼,1,2,1208800767,쿠팡(주),서울 송파구 송파대로 570,서울 송파구 신천동 7-30,2005011,1171010200,2023-07-04 00:00:00,1,10900,1+1 헬스와미 층간소음방지 슬리퍼,
h_h002046,아르떼뮤지엄 티켓,1,2,,엔에이치엔케이씨피 주식회사,서울 구로구 디지털로26길 72,서울 구로구 구로동 222-22,4148327,1153010200,2023-07-08 23:09:00,1,35000,,
h_h002048,민화그리기 체험,1,3,4111747014,루씨쏜아뜰리에,제주특별자치도 서귀포시 보목로64번길 138,제주특별자치도 서귀포시 보목동 1405-1,4850280,5013011000,2023-07-06 11:53:00,1,94500,루씨쏜아뜰리에 민화갤러리 카페,
h_h002084,옷,1,2,,지그재그,,,,,,1,96220,휴일 곰돌이 반팔T;[워터밤룩][4만장돌차/롱ver추가]옆셔링 캡내장 슬리브리스,
h_h002095,수영복,1,1,2208893187,(주)브랜디,경기 성남시 분당구 정자일로 95,경기 성남시 분당구 정자동 178-4,3180021,4113510300,2023-07-21 18:14:00,1,38500,,
h_h002113,우비,1,5,,,,,,,2023-07-13 00:00:00,1,16990,,
h_h002125,빛의벙커 예약권,1,1,1208643350,(주)플레이스엠,서울 강남구 테헤란로79길 6,서울 강남구 삼성동 144-19,4166758,1168010500,2023-07-11 10:09:00,1,14959,[7월]여름맞이 15%할인,
h_h002130,폴라로이드 카메라,1,2,1208800767,쿠팡(주),서울 송파구 송파대로 570,서울 송파구 신천동 7-30,2005011,1171010200,2023-07-13 10:28:00,3,96900,인스탁스 미니11 즉석카메라 ,
h_h002145,음료수,0,1,,Gs25 하안점,하안동260-2,,,,,1,3000,,4121010300
h_h002167,커피와;빵,0,2,,아쿠아플라넷,444,,,,,1,10000,,5011012900
h_h002184,주유,1,3,7424300800,남부주유소,제주특별자치도 제주시 중앙로 301,제주특별자치도 제주시 이도이동 1066-5,3349184,5011010400,2023-07-08 10:19:00,1,40000,주유비,
h_h002199,스노클링 장비,0,1,,다이소 망우 2호점,망우로 416,,,,,1,8000,,1126010500
h_h002251,쿨방석,1,2,1098629860,주식회사 선광,경기 양주시 장흥면 일영로375번길 60,경기 양주시 장흥면 삼하리 307-10,4436319,4163034027,2023-07-24 12:00:00,1,18000,리브맘 시원한 여름 침대 쿨매트,
h_h002265,제주투어패스,1,2,2068689631,주식회사엘에스컴퍼니,제주특별자치도 제주시 청사로 11,제주특별자치도 제주시 도남동 573-2,3349193,5011012900,2023-07-17 09:38:00,1,49670,제주투어패스 48시간 프리패스,
h_h002283,제주 하멜 치즈케이크,1,2,1484200170,JEJU HAMEL,제주특별자치도 제주시 노형2길 51-3,제주특별자치도 제주시 노형동 3814-1,4849225,5011012200,2023-07-08 16:05:00,1,34000,cheesemon,
h_h002335,호텔 케니 서귀포 트윈룸,0,2,,마이리얼트립(호텔 케니 서귀포),제주특별자치도 서귀포시 동문로 42,,,,,5,42229,,5013010100
h_h002352,여행자보험,1,1,2018643227,마이뱅크보혐,서울 중구 퇴계로 213,,3101011,1114013200,2023-07-18 01:53:00,1,4390,국내여행자보험,
h_h002356,패디큐어스티커,1,2,,CJ올리브영(주),,,,,2023-07-23 11:55:00,1,15400,패디,
h_h002358,항공권,1,2,6058184518,에어부산(주),부산 강서구 유통단지1로57번가길 6,부산 강서구 대저2동 3148-5,3136083,2644010200,2023-05-25 00:00:00,1,145880,비행기표 ,
h_h002358,항공권,2,2,6168150527,㈜제주항공,제주특별자치도 제주시 신대로 64,제주특별자치도 제주시 연동 301-1,3349111,5011013700,2023-05-25 11:13:00,1,183600,비행기표,
h_h002371,커플룩 옷들,0,2,,AK& 기흥점,227-26,,,,,4,218900,,4146310200
h_h002376,형제섬 투어,1,2,2098155339,마이리얼트립,서울 서초구 강남대로 311,서울 서초구 서초동 1338-12,2102001,1165010800,2023-07-16 00:00:00,3,106000,"[안덕]동남아도 부럽지 않아,형제섬",
h_h002379,스누피 가든 입장권,1,2,2208742885,야놀자레저,서울 강남구 테헤란로108길 42,서울 강남구 대치동 1003,4166713,1168010600,2023-07-11 12:34:00,1,32400,스누피가든 아침수국만나기,
h_h002406,제주투어패스권,0,4,,엘에스컴퍼니,573-2,,,,,1,99600,,5011012900
h_h002421,비눗방울; 물놀이 후 쓸 수건; 삼각대,0,1,,쿠팡,문암로 116-1 203호,,,,,1,32890,,4413111900
h_h002442,캐리어커버,1,1,1138521083,엔에이치엔케이씨피 주식회사,서울 구로구 디지털로26길 72,서울 구로구 구로동 222-22,4148327,1153010200,2023-07-12 11:42:00,1,6400,,
h_h002452,소못 예약금,0,2,,소못,4길12-2 1층,,,,,5,60000,,5011013700
h_h002476,제주투어패스,1,3,,제주투어패스,제주특별자치도 제주시 청사로 11,제주특별자치도 제주시 도남동 573-2,3349193,5011012900,,1,74700,제주투어패스 48시간권,
h_h002486,멀미약,0,1,,목포여객터미널,6-10,,,,,1,4000,,4611014600
h_h002493,맥주.간식.라면,1,3,1661201068,CU,제주특별자치도 제주시 노형로 2,제주특별자치도 제주시 해안동 2374,3349042,5011013900,2023-07-28 13:15:00,1,29400,오뚜기)참깨라면컵;왕뚜껑왕컵;팔도)짬뽕왕뚜껑;어몽어스초코우유;오징어땅콩좋아해,
h_h002525,빗3개.책2권.음료.모기띠.패치.헤어에센스.쿠션3개.컨실러.핸드폰액정필름.핸드폰케이스.껌.영양제.부적,0,1,,쿠팡.네이버페이,인터넷구매,,,,,1,632000,,1147010200
h_h002545,스노쿨링 마스크 2개,1,2,5248601528,네이버파이낸셜주식회사,경기 성남시 분당구 정자일로 95,경기 성남시 분당구 정자동 178-4,3180021,4113510300,2023-07-13 00:00:00,1,101500,수올리 액티비티 스노클링 마스크 수중 물놀이 수노클 장비,
h_h002550,물놀이튜브,1,2,2208183676,주식회사 지마켓,서울 강남구 테헤란로 152,서울 강남구 역삼동 737,3122010,1168010100,2023-07-26 00:00:00,1,11900,KC인증 대형 물놀이 러블리 하트 튜브 레드,
h_h002570,전시 관람 티켓,1,2,3018634203,클룩,,,,,2023-08-22 00:00:00,1,40000,제주 아르떼뮤지엄 입장권+아르떼 TEA BAR티켓,
h_h002629,스노쿨링 장비 2개,1,2,4787400126,메이스코리아,경기 부천시 평천로850번길 96,경기 부천시 도당동 86-9,4352562,4119010400,2023-08-13 10:19:00,1,12040,메이스 스노쿨링 마스크 풀페이스 프리다이빙 스노클 장비 액티브,
h_h002629,스노쿨링 장비 2개,3,2,4787400126,메이스코리아,경기 부천시 평천로850번길 96,경기 부천시 도당동 86-9,4352562,4119010400,2023-08-13 10:19:00,1,12531,메이스 스노쿨링 풀페이스 프리다이빙 스노클 장비 액티브,
h_h002659,제주패스,1,2,2118841856,주식회사 티몬,서울 강남구 압구정로 118,서울 강남구 신사동 529-4,3122007,1168010700,2023-08-03 07:55:00,1,39420,제주투어패스 제주여행 프리패스,
h_h002684,우의,1,1,2138152063,(주)아성다이소,서울 광진구 아차산로 378,서울 광진구 자양동 216-10,3000002,1121510500,2023-08-28 15:47:00,1,5000,체크무늬원단판초우의 M,
h_h002721,비치용품(튜브;비치볼),0,2,,다이소,천호동 다이소,,,,,1,15000,,1174010900
h_h002726,튜브,0,1,,홈플럿,명암1길 17,,,,,1,14000,,4418010500
h_h002771,바지,0,1,,뱅뱅,312-20,,,,,1,39900,,2915510800
h_h002820,모자,1,1,8680102890,오니엘르,부산 사하구 사하로166번길 57,부산 사하구 괴정동 447-13,4202310,2638010100,2023-08-15 00:50:00,1,53200,[인기상품/재진행]underson 언더슨 파나마 햇 로고모자 여성 여름 썸머 밀짚모자,
h_h002865,블루투스 리모컨,0,2,,다이소,낙동남로 1389번길 1,,,,,1,2000,,2638010300
h_h002921,암튜브,0,1,,길가다가,모르겠음,,,,,3,7000,,1153010700
h_h002964,없음,0,1,,없음,종로57길8-7,,,,,4,0,,1111017500
h_h003019,비행기 티켓,1,1,1108114794,(주)대한항공,서울 강서구 하늘길 260,,4145490,1150010800,2023-08-26 00:00:00,1,43239,비행기표,
h_h003019,비행기 티켓,2,1,1108114794,㈜대한항공,서울 강서구 하늘길 260,서울 강서구 공항동 1370,4145490,1150010800,2023-08-26 00:00:00,1,41865,비행기표,
h_h003057,제주투어패스 이용권,0,2,,제주투어패스,인터넷구매,,,,,1,49800,,5011010100
h_h003094,제주패스,1,2,5248601528,네이버페이,경기 성남시 분당구 정자일로 95,경기 성남시 분당구 정자동 178-4,3180021,4113510300,2023-08-18 12:46:00,1,45181,,
h_h003111,캐리어,1,3,1400283545,최신형머리방,경기 광명시 하안로 238,경기 광명시 하안동 200,3187057,4121010300,2023-07-12 19:27:00,1,108000,[3년AS]24인치 28인치 캐리어 ,
h_h003135,여행용파우치,1,1,1208800767,(주)쿠팡,서울 송파구 송파대로 570,서울 송파구 신천동 7-30,2005011,1171010200,2023-07-06 13:34:00,1,15500,"랑고 프리미엄 파우치 8종 세트,베이지",
h_h003136,수영복,1,1,1262842382,비키니아일랜드 ,경기 이천시 황무로 986-53,경기 이천시 증포동 227-37,3207057,4150010900,,1,28900,오픈랩 원피스 수영복,
h_h003191,팔튜브,1,2,2244400707,안엔,서울 중랑구 중랑천로 20,서울 중랑구 면목동 193-1,3106011,1126010100,2023-08-09 21:27:00,1,11100,"A GREAT GARDEN 수영팔 튜브 아동 성인 남여공용 2인용세트,1개,스카이 블루+핑크",
h_h003195,삼각대,1,1,5248601528,네이버파이낸셜 주식회사 ,경기 성남시 분당구 정자일로 95,경기 성남시 분당구 정자동 178-4,3180021,4113510300,2023-08-29 00:00:00,1,37500,카메라 스마트폰 삼각대 7500b,
h_h003217,다이소 삼각대,0,2,,다이소 부산서면점,부산 부산진구 중앙대로702번길 43,,,,,1,5000,,2623010300
h_h003218,스쿠버다이빙 강습비,1,1,,마코다이브 스쿠버다이빙,제주특별자치도 서귀포시 동홍로 133,제주특별자치도 서귀포시 동홍동 558-2,3350070,5013010500,2023-06-23 13:09:00,3,450000,,
h_h003243,선글라스,0,1,,젠틀몬스터,533-6,,,,,1,269000,,1168010700
h_h003265,브랭섬홀 아시아 아이스링크 예매,1,2,,브랭섬홀 아시아 아이스링크,제주특별자치도 서귀포시 대정읍 글로벌에듀로 234,제주특별자치도 서귀포시 대정읍 구억리 1121,3350503,5013025030,2023-09-15 00:00:00,1,28000,자유 이용 예약(2시간),
h_h003277,휘발유,0,5,,서광주유소,중산간서로 1866,,,,,1,50000,,5013031000
h_h003303,가방,0,1,,엔에이치엔위투 주식회사,222-22 NHN한국사이버결제2층,,,,,4,34660,,1153010200
h_h003344,치약,1,1,5428800332,(주)데일리앤코,서울 강남구 학동로 343,서울 강남구 논현동 119,3122011,1168010800,2023-08-05 08:47:00,1,11000,티타드 프레시 브레스 플러스 치약,
h_h003353,단백 2인 식사 예약,0,2,,단백,성산중앙로17 1층,,,,,1,45000,,5013025921
h_h003406,클렌징오일,0,2,,올리브영 사당역점,1061-17,,,,,1,3900,,1162010300
h_h003451,삼각대,1,1,3124200636,조이스트,서울 광진구 천호대로 536,서울 광진구 군자동 473-23,2000008,1121510900,2023-08-19 22:50:00,1,18248,오주주 맥세이프 삼각대 마운트 홀더,
h_h003481,라면과일간식,1,4,6162953507,삼화마트,제주특별자치도 제주시 화삼북로 131,제주특별자치도 제주시 삼양이동 2332-4,3349227,5011011400,2023-09-08 00:00:00,1,58220,옥수수수염차;이오(5+5);쓰레기봉투20L제활용;순창쌈장 사각20;파워오투 아이스베리,
h_h003487,수영복과 여벌의 옷들,1,1,,,,,,,2023-06-29 00:00:00,1,316200,질감 고삐 삼각형 비키니 수영복;[레드벨벳 예리 착용]Floral Sea Under;Polo Hollow Out 니트 반팔 탑;Boho 페이즐리 백리스 홀터 탱크 탑,
h_h003556,개인 여벌 옷,0,1,,여벌옷,엔터식스,,,,,1,24000,,4145011100
h_h003572,보조배터리,0,2,,아트박스 진주점,13-7,,,,,1,16000,,4817010900
h_h003576,와인,0,1,,32000,2710-1,,,,,1,32000,,4833025324
h_h003588,스노쿨링마스크,1,1,2608602225,주식회사 다온트레이드,경기 남양주시 진접읍 경복대로512번길 44-1,경기 남양주시 진접읍 진벌리 444-12,4391063,4136025327,2023-08-23 13:29:00,3,32900,"인피아 스노쿨링마스크 프리다이빙 수중장비 듀얼글라스,아쿠아화이트",
h_h003637,비치타올,1,1,5725800597,앤드마켓,부산 기장군 정관읍 정관3로 51,부산 기장군 정관읍 모전리 759,3140041,2671025627,2023-08-07 00:00:00,3,15900,감성 스트라이프 비치타올 성인 대형 비치 타올,
h_h003638,왕복 비행기표,1,2,2748800540,에어로케이항공(주),충북 청주시 흥덕구 오송읍 오송생명3로 154,충북 청주시 흥덕구 오송읍 연제리 834,3240057,4311325026,2023-08-01 00:00:00,1,60600,비행기표 ,
h_h003638,왕복 비행기표,2,2,2748800540,에어로케이항공(주),충북 청주시 흥덕구 오송읍 오송생명3로 154,충북 청주시 흥덕구 오송읍 연제리 834,3240057,4311325026,2023-08-07 13:40:00,1,56600,비행기표,
h_h003638,왕복 비행기표,3,2,2748800540,에어로케이항공(주) ,충북 청주시 흥덕구 오송읍 오송생명3로 154,충북 청주시 흥덕구 오송읍 연제리 834,3240057,4311325026,2023-08-07 20:07:00,1,61600,비행기표,
h_h003638,왕복 비행기표,4,2,2748800540,에어로케이항공㈜,충북 청주시 흥덕구 오송읍 오송생명3로 154,충북 청주시 흥덕구 오송읍 연제리 834,3240057,4311325026,2023-08-01 00:00:00,1,60600,비행기표,
h_h003641,유람선티켓,1,4,,서귀포유람선,제주특별자치도 서귀포시 남성중로 40,,3350030,5013010600,2023-09-03 00:00:00,1,56000,서귀포유람선 승선권 ,
h_h003653,옷,0,1,,스타일21,광주 북구 우치로100번길 19,,,,,1,41000,,2917010700
h_h003654,삼각대 구매,1,2,1208800767,쿠팡(주) ,서울 송파구 송파대로 570,서울 송파구 신천동 7-30,2005011,1171010200,2023-08-11 22:02:00,1,26820,셀루미 155cm 롱레인지 무선 블루투스 올인원 삼각대 셀카봉,
h_h003726,삼각대,1,1,1208800767,쿠팡(주),서울 송파구 송파대로 570,서울 송파구 신천동 7-30,2005011,1171010200,2023-08-27 00:36:00,1,8640,바나다 튤립 블루투스 삼각대 셀카봉,
h_h003729,노형수퍼마켙 입장권,1,2,2098155339,(주)마이리얼트립,서울 서초구 강남대로 311,서울 서초구 서초동 1338-12,2102001,1165010800,2023-08-21 09:45:00,1,27900,[제주]노형수퍼마켙 입장권,
h_h003742,노형수퍼마켙 입장권/여미지식물원입장권 / 1947카트이용권,1,1,5248601528,NAVER FINANCIAL,경기 성남시 분당구 정자일로 95,경기 성남시 분당구 정자동 178-4,3180021,4113510300,2023-08-29 00:00:00,1,30000,[제주]노형수퍼마켙 외 1건,
h_h003742,노형수퍼마켙 입장권/여미지식물원입장권 / 1947카트이용권,2,1,1208643350,(주)플레이스엠,서울 강남구 테헤란로79길 6,서울 강남구 삼성동 144-19,4166758,1168010500,2023-08-29 21:45:00,1,22800,여미지식물원 ,
h_h003742,노형수퍼마켙 입장권/여미지식물원입장권 / 1947카트이용권,3,1,6168624266,에스케이엘이씨(주),제주특별자치도 서귀포시 토평공단로 78-27,제주특별자치도 서귀포시 토평동 1799,3350277,5013011100,2023-08-29 21:47:00,1,33581,[제주]윈드1947 카트 탑승권,
h_h003789,제주 귤 모자,1,2,5248601528,NAVER FINANCIAL,경기 성남시 분당구 정자일로 95,경기 성남시 분당구 정자동 178-4,3180021,4113510300,2023-08-13 00:00:00,1,8980,[시원한]제주도감귤모자 한라봉,
h_h003871,옷,0,2,,에잇세컨즈,106,,,,,1,310000,,4311110200
h_h003876,제주 짐옮김이,0,2,,트립백,제주특별자치도 서귀포시 중산간서로 68,,,,,1,34000,,5013011600
h_h003880,제주투어패스,1,5,2118841856,(주)티몬,서울 강남구 압구정로 118,서울 강남구 신사동 529-4,3122007,1168010700,2023-08-04 13:55:00,1,224000,,
h_h003978,제주9.81 입장권,1,3,6168622439,모노리스제주파크 주식회사,제주특별자치도 제주시 애월읍 산록서로 15,제주특별자치도 제주시 애월읍 어음리 산 3,3349081,5011025336,2023-08-09 17:52:00,1,39500,레이싱하고 놀랩,
h_h004101,카페패스(1인은 렌트카 사은품으로 받음. 1인은 제주패스 사이트에서 추가구매,1,2,,제주패스,제주특별자치도 제주시 신광로 21,제주특별자치도 제주시 연동 271-6,3349109,5011013700,2023-08-28 11:26:00,1,13900,카페패스 3일 프리미엄 이용권,
h_h004105,호텔숙소 런치 및 조식 뷔페 이용권,0,2,,콘페티,3039-39,,,,,1,300000,,5013011900
h_h004119,스노클링 마스크,0,1,,25000,방문없이 택배로 구매,,,,,1,25000,,1129012300
h_h004225,빵;음료,0,5,,코스트코코리아 광명점,일직로 40,,,,,1,150000,,4121010600
h_h004288,초콜릿,0,2,,편의점,월배로219 센트럴타워 1층,,,,,1,3000,,2729011500
h_h004298,제주투어패스,1,2,5248601528,NAVER FINANCIAL ,경기 성남시 분당구 정자일로 95,경기 성남시 분당구 정자동 178-4,3180021,4113510300,2023-08-30 00:00:00,1,45800,제주투어패스 48시간 프리패스,
h_h004315,카메라 삼각대; 수영용품,0,2,,쿠팡,쿠팡 온라인 스토어,,,,,1,40000,,1111010700
h_h004351,청반바지,0,1,,로엠 스타시티점,227-7 지하 1층 37호,,,,,1,49900,,1121510500
h_h004404,얼음물,0,1,,Gs편의점,,,,,,1,2000,,5013031000
h_h004459,의류 구매,1,2,5248601528,네이버파이낸셜,경기 성남시 분당구 정자일로 95,경기 성남시 분당구 정자동 178-4,3180021,4113510300,2023-08-21 00:00:00,1,122710,원가 세일 봄 여름 돌먼 소매 5부 카라 스트라이프 단가라 루즈핏 니트 그린 외 2건,
h_h004523,다이소,0,2,,다이소 홍대점,167-29,,,,,1,5000,,1144012100
h_h004577,가방맡김서비스,0,2,,주식회사 트립백,115호,,,,,1,17000,,5013011800
h_h004752,선스틱,1,1,8098101574,CJ올리브영(주),서울 송파구 올림픽로 300,서울 송파구 신천동 29,3123023,1171010200,2023-08-12 13:09:00,1,14800,AHC마스터즈에어리치선스틱2매가행사,
h_h004755,커피,1,2,1920901785,탐앤탐스,제주특별자치도 제주시 월대5길 6,제주특별자치도 제주시 외도이동 300,4848520,5011012400,2023-08-27 10:57:00,1,10000,[포장]ICE카페 아메리카노;[포장]컵보증금;[포장]ICE그린라떼,
h_h004851,선글라스,1,1,,이니시스_중소1-(주)라이프글라스,서울 중구 통일로 92,서울 중구 순화동 1-170,3000008,1114016800,2023-08-21 01:40:00,1,43620,,
h_h004905,생필품,1,1,2138152063,(주)아성다이소,제주특별자치도 제주시 1100로 3325,제주특별자치도 제주시 노형동 3784-2,3020003,5011012200,2023-08-23 15:43:00,1,37200,매장용 종이 소비자봉투(대);경량알루미늄중봉장우산;시어서커원피스;6단조절태블릿PC거치대;헬로키티_PP유선노트(A5),
h_h004947,관광버스; 호텔; 항공권,0,2,,핫플트립; 여기어때; 제주도여행닷컴; 탐나오,,,,,,4,581400,,5011010200
h_h005058,김;참치;짜파게티;모기기피제,0,2,,다이소,다이소,,,,,1,10000,,4111514100
h_h005060,햇빛 차단 모자; 팔토시; 셀카봉,0,2,,쿠팡,442-11,,,,,1,63000,,4150034000
h_h005136,헤이즈 엑스트렉 기내용 20인치 확장형 캐리어,1,1,,헤이즈,,,,,2023-08-21 22:43:00,1,114401,엑스트렉 기내용 20인치 확장형 캐리어 라벤더,
h_h005200,삼각대,0,2,,쿠팡,7-30,,,,,1,11630,,1171010200
h_h005233,스노쿨링장비,1,1,2241383742,신성레포츠,강원특별자치도 원주시 라옹정길 74-42,강원특별자치도 원주시 관설동 1664-14,4457179,5113011600,2023-08-25 13:12:00,3,12500,아넥스 일안식 성인 스노쿨링 세트,
h_h005245,옷,0,1,,에이비글,150-48,,,,,1,79700,,1121510100
h_h005252,암튜브 2개,1,2,2244400707,안엔,서울 중랑구 중랑천로 20,서울 중랑구 면목동 193-1,3106011,1126010100,2023-08-24 01:05:00,1,11100,A GREAT GARDEN 수영 팔튜브 아동 성인 남여공용 2인용세트,
h_h005297,수영복,0,1,,마젤브라운,인터넷결제,,,,,1,30800,,1111010100
h_h005308,스쿠버다이빙,0,1,,두나다이버스,621,,,,,5,280000,,5013011000
h_h005321,제주 올패스,1,1,2118841856,주식회사 티몬,서울 강남구 압구정로 118,서울 강남구 신사동 529-4,3122007,1168010700,2023-08-26 09:48:00,1,45800,,
h_h005322,차량용휴대폭거치대,1,1,1208800767,(주)쿠팡,서울 송파구 송파대로 570,서울 송파구 신천동 7-30,2005011,1171010200,2023-08-27 09:13:00,1,53580,"올비에스 차량용 휴대폰 거치대 흡착형 일반형,블랙 포함 총 9건",
h_h005342,암튜브,1,4,2244400707,안엔,서울 중랑구 중랑천로 20,서울 중랑구 면목동 193-1,3106011,1126010100,,1,22200,A GREAT GARDEN 수영 팔튜브 아동 성인 남여공용 2인용(4p) 세트,
h_h005358,삼각대,1,1,2138152063,(주)아성다이소,대구 중구 달구벌대로 지하 2100,,2007002,2711011200,2023-08-28 15:11:00,1,13200,매장용 종이 소비자봉투(소);카메라&핸드폰 삼각대 4단;네일케어1000 유리알탑코;케이스TPU밴드(약 230);기름종이리필(100매입/1개),
h_h005367,배 왕복 승선; 숙소,0,3,,씨월드고속훼미리,10-6,,,,,1,218050,,4611014200
h_h005375,카메라삼각대,1,1,1208800767,쿠팡(주),서울 송파구 송파대로 570,서울 송파구 신천동 7-30,2005011,1171010200,2023-08-26 23:16:00,1,24250,아즈나 카메라 스마트폰 삼각대 리모컨 세트,
h_h005377,없음,0,2,,사전결제 없음,없음,,,,,4,0,,5013025900
h_h005428,없음,0,2,,없음,,,,,,4,0,,1117012900
h_h005433,물놀이용품,1,4,8828601915,오쉐어 주식회사,제주특별자치도 제주시 용문로 4,제주특별자치도 제주시 용담이동 1590-3,3349154,5011010900,2023-09-06 14:27:00,3,53000,,
h_h005434,제주투어패스,0,4,,엘에스컴퍼니,청사로11  4층,,,,,1,129000,,5011012900
h_h005437,이동 중 먹을 간식(맥도날드),1,2,2898501875,맥도날드,제주특별자치도 제주시 연북로 434,제주특별자치도 제주시 도남동 419,3349136,5011012900,2023-09-05 10:04:00,1,6400,환타-M;컵보증금;상하이 치킨 스낵랩;아이스크림콘,
h_h005448,스노쿨링마스크,1,2,2170950552,이지웨이 코퍼레이션,경기 구리시 갈매순환로166번길 46,경기 구리시 갈매동 552-12,4857375,4131010100,2023-08-24 21:39:00,1,29800,풀페이스 프리다이빙 스노클링 마스크 2세대 장비 세트,
h_h005455,티셔츠,1,1,1208800767,쿠팡(주) ,서울 송파구 송파대로 570,서울 송파구 신천동 7-30,2005011,1171010200,2023-08-29 17:53:00,1,8200,"티탁 브이 가오리 절개 롱티셔츠,블랙FREE",
h_h005492,제주패스,1,4,1138521083,엔에이치엔케이씨피주식회사,서울 구로구 디지털로26길 72,서울 구로구 구로동 222-22,4148327,1153010200,2023-08-27 21:21:00,1,87100,,
h_h005509,우비,0,2,,다이소(공릉점),노원구 동일로 192길 29 민재빌딩,,,,,1,4000,,1135010300
h_h005535,제주투어패스,1,3,2118841856,주식회사 티몬,서울 강남구 압구정로 118,서울 강남구 신사동 529-4,3122007,1168010700,2023-08-14 00:25:00,3,59130,"최종가19,900원/제주투어패스 제주여행 프리패스",
h_h005624,없습니다,0,2,,없음,123-40,,,,,4,0,,1141011000
h_h005629,가방,1,1,,소울컴퍼니sc,,,,,2023-08-30 00:00:00,1,12850,나이키 리유저블 스우시 소핑백 소형,
h_h005641,샴푸린스 담을 여분 통,0,1,,다이소,다이소 전주 송천점 송천동2가 186-7,,,,,1,1000,,4511312200
h_h005763,수영복,0,1,,히니크,277-9 2층,,,,,1,31800,,1120011500
h_h005865,김포공항으로 가는 공항버스2인,1,2,1298638970,로카모빌리티(주),서울 중구 청계천로 24,서울 중구 다동 39,3100021,1114010200,2023-08-30 00:00:00,1,16000,버스표,
h_h006150,제주카페패스3일권,1,1,,,,,,,2023-09-05 02:29:00,3,13900,카페패스 3일 프리미엄,
h_h006438,커피,1,1,,빽다방,제주특별자치도 제주시 서사로8길 1,제주특별자치도 제주시 삼도일동 788-1,4847932,5011010500,2023-09-24 12:46:00,1,1900,,
h_h006458,주유,1,2,,자유에너지주식회사 가든주유소,,,,,2023-09-18 16:28:00,1,30000,주유비,
h_h006459,아메리카노; 오곡누룽지음료,0,3,,CU제주서부휴게소점,노형로80 제주매직월드,,,,,1,3800,,5011013900
h_h006460,주유,1,4,6162734734,남문주유소,제주특별자치도 제주시 중앙로 372,제주특별자치도 제주시 이도이동 2018-1,3349184,5011010400,2023-09-17 14:58:00,1,50000,주유비,
h_h006468,탄산음료;초코우유;생수,0,3,,gs25,용금로467,,,,,3,4500,,5011031000
h_h006477,경유주유,1,4,6168214455,한림농협주유소,제주특별자치도 제주시 한림읍 한림상로 89,제주특별자치도 제주시 한림읍 한림리 1570,3349209,5011025024,2023-09-14 16:14:00,1,50000,주유비 ,
h_h006480,과일,0,1,,코리아마트,644-3,,,,,1,8000,,5013010500
h_h006498,음료수 외 귤,0,3,,천막,엉또폭포 제주특별자치도 서귀포시 강정동 5628,,,,,3,10000,,5013011600
h_h006502,아기 이유식,0,1,,짱죽 제주,짱죽 이유식,,,,,3,9000,,5011011700
h_h006504,입장권,0,2,,이스트힐스,835,,,,,3,30000,,5011025922
h_h006530,간식(과자;음료); 커피,0,3,,초록마을 영어교육도시점,163-5,,,,,1,13570,,5013025029
h_h006540,주유,1,1,6168221316,중문농협주유소,제주특별자치도 서귀포시 일주서로 872,,3349236,5013011900,2023-09-15 12:54:00,1,51900,주유비,
h_h006569,주유비,1,1,1318634206,(주)새신테크 이호주유소,제주특별자치도 제주시 일주서로 7629,제주특별자치도 제주시 이호이동 803-9,3349236,5011012600,2023-09-22 20:45:00,1,100000,주유비,
h_h006575,뚜레주르 샌드위치; 소세지빵,0,1,,뚜레주르,두신로,,,,,3,8500,,5011031000
h_h006592,음료수,0,2,,크라운마트,남성로112,,,,,3,3900,,5011010500
h_h006594,감귤카트 성인 2인 입장권,1,2,,감귤카트,제주특별자치도 서귀포시 중문관광로 42,,3350251,5013011900,,3,12500,,
h_h006594,감귤카트 성인 2인 입장권,3,2,,제주 감귤카트,제주특별자치도 서귀포시 중문관광로 42,제주특별자치도 서귀포시 색달동 2629,3350251,5013011900,2023-09-15 12:50:00,1,12500,탑승권,
h_h006594,감귤카트 성인 2인 입장권,4,2,6168612834,제주 감귤카트,제주특별자치도 서귀포시 중문관광로 42,,3350251,5013011900,2023-09-15 12:51:00,1,12500,탑승권,
h_h006596,떡,1,1,6162293290,원당떡집,제주특별자치도 제주시 일주동로 384,제주특별자치도 제주시 삼양이동 2181-6,3349235,5011011400,2023-09-21 18:25:00,1,8000,,
h_h006651,차 주유,0,1,,에스오일 동홍주유소,117-4,,,,,3,50000,,5013010500
h_h006677,음료수,0,2,,봄봄삼화점,,,,,,1,7500,,5011013000
h_h006681,없음,0,4,,없음,조천우회로,,,,,4,0,,5011025621
h_h006682,점심식사,1,2,4298500135,맥도날드,제주특별자치도 서귀포시 일주서로 7,,3349236,5013011600,2023-09-17 11:36:00,1,13900,탄산음료M/선택;컵보증금;상하이버거/런치세트;아이스 드립 커피;창녕 갈릭 비프버거,
h_h006700,집에 오는 길 구매 편의점(아몬드언스위트.쿠키),1,3,6168263183,GS25,제주특별자치도 서귀포시 중문로 53,제주특별자치도 서귀포시 중문동 1616-1,3350252,5013011200,2023-09-17 00:00:00,1,3100,아몬드언스위트;아몬드쿠키,
h_h006744,음료수.과자등,0,2,,하나로마트,1928,,,,,1,50000,,5013011200
h_h006747,주유,0,2,,성신주유소,2158-1,,,,,1,40000,,5011012000
h_h006748,아프리카박물관 입장권,1,4,2208183676,주식회사 지마켓,서울 강남구 테헤란로 152,서울 강남구 역삼동 737,3122010,1168010100,2023-09-18 00:00:00,1,15000,제주 아프리카박물관 입장권 ,
h_h006750,라면 술 음식 과자,1,2,4908501999,(주)뉴월드 마트로,제주특별자치도 서귀포시 일주동로 8552,,3349235,5013010500,2023-09-19 16:30:00,1,24650,최고스낵4번들 4번들;샤인머스켓;바베큐치킨;농심 신라면 소컵;농심 새우탕 소컵,
h_h006766,경유,1,2,6162251456,신세기주유소,제주특별자치도 서귀포시 일주서로 976,제주특별자치도 서귀포시 색달동 2158,3349236,5013011900,2023-09-21 15:33:00,1,80000,주유비,
e_e013135,보조배터리,0,1,,쿠팡,7-30,,,,,1,12000,,1171010200
h_h002040,가방이동서비스 트립백,1,1,2548102394,주식회사 트립백,제주특별자치도 서귀포시 중산간서로 68,,3349239,5013011600,2023-07-08 21:58:00,1,19000,,
h_h004763,짐옮김이서비스,0,2,,가방을부탁해,중문상로 82번길 15,,,,,5,38000,,5013011200
h_h000063,캠핑요리 식자재,1,1,7668501557,(주)뉴월드마트로,제주특별자치도 제주시 일주서로 7822,제주특별자치도 제주시 연동 2420,3349236,5011013700,2023-05-26 22:26:00,1,66976,무우;대한쿠킹호일(업소용);꼬지-200P;아메리칸가든 히코리 바베큐 소스;오뚜기 구워먹는치즈,
h_h000198,경유비,1,2,6161256374,삼성주유소,제주특별자치도 제주시 우정로 43,제주특별자치도 제주시 외도일동 499-1,3349160,5011012300,2023-06-04 13:48:00,1,10000,주유비,
h_h000550,제주 오름 지도,1,1,5248601528,네이버파이낸셜 주식회사,경기 성남시 분당구 정자일로 95,경기 성남시 분당구 정자동 178-4,3180021,4113510300,2023-05-31 00:00:00,1,32300,오르머 제주100대오름 지도+수첩 세트,
h_h000570,항공권,1,1,1218189086,진에어 ,서울 강서구 공항대로 453,서울 강서구 등촌동 653-25,2005007,1150010200,,1,84800,비행기표,
h_h000570,항공권,2,1,1048117480,아시아나항공(주) ,서울 강서구 오정로 443-83,,3000015,1150011300,,1,79900,비행기표,
h_h000631,짐 옮김 서비스,1,2,2548102394,주식회사 트립백,제주특별자치도 서귀포시 중산간서로 68,,3349239,5013011600,2023-06-23 12:21:00,1,17000,,
h_h000702,백팩 선크림 클렌징티슈,1,4,,롯데쇼핑(주),,,,,2023-06-09 18:12:00,1,104082,,
h_h000702,백팩 선크림 클렌징티슈,2,4,,올리브영,,,,,,1,17200,아리얼 더 퍼펙트 클렌징 티슈;식물나라 산소수 생기수분톤업,
h_h000755,제주패스,0,3,,(주)엘에스컴퍼니,제주시 청사로 11 4층,,,,,5,95000,,5011012900
h_h001051,화이트 와인 1병,0,1,,달팽이와인샵,314-13,,,,,1,21100,,1120011500
h_h001093,선글라스 케이스,1,1,6403100461,(주)아성다이소,전남 보성군 벌교읍 채동선로 268,전남 보성군 벌교읍 벌교리 871-4,3290013,4678025321,2023-06-14 10:56:00,1,2000,,
h_h001332,라면과자 과일,1,4,6168212724,제주시농협 하나로마트,제주특별자치도 제주시 남광로 206,,3349035,5011010200,2023-07-07 17:42:00,1,93212,포스트 콘푸라이트;첵스초코스노우초코볼;생도넛츠;삼양식품 큰컵까르보불닭볶음면;비요뜨크런치볼,
h_h001440,사진관,1,2,2166700267,보통청춘기록실,제주특별자치도 제주시 한림읍 귀덕11길 1,제주특별자치도 제주시 한림읍 귀덕리 1010-2,4847256,5011025021,2023-06-20 02:50:00,1,20000,보통청춘기록실 촬영,
h_h001810,비행기표; 렌트카,0,1,,온라인투어; 카모아,효자로 23 국제항운빌딩 2층~4층,,,,,1,122090,,1111010400
h_h001824,제주투어패스,1,2,,제주 투어패스,제주특별자치도 제주시 청사로 11,제주특별자치도 제주시 도남동 573-2,3349193,5011012900,,1,49800,제주투어패스 48시간 프리패스 제주도 여행 체험 관광지 실내 액티비티 카트 우도 카페,
h_h001993,암튜브,1,1,5248601528,NAVER FINANCIAL ,경기 성남시 분당구 정자일로 95,경기 성남시 분당구 정자동 178-4,3180021,4113510300,2023-07-01 00:00:00,1,12500,성인 암튜브 수영장 호캉스 물놀이 스트라이프 디자인 링,
h_h002111,해녀의부엌 예약,1,4,5248601528,네이버파이낸셜,경기 성남시 분당구 정자일로 95,경기 성남시 분당구 정자동 178-4,3180021,4113510300,2023-07-03 00:00:00,1,236000,해녀이야기(목/금/토/일) 외 3건 ,
h_h002336,레트카/아르떼뮤지엄 성인1,1,3,7428600224,㈜여기어때컴퍼니,서울 강남구 봉은사로 479,서울 강남구 삼성동 51-2,3122004,1168010500,2023-07-04 00:00:00,1,50208,제주야렌트카,
h_h002336,레트카/아르떼뮤지엄 성인1,2,3,2208742885,㈜야놀자,서울 강남구 테헤란로108길 42,서울 강남구 대치동 1003,4166713,1168010600,2023-07-17 11:21:00,1,16000,[제주]아르떼뮤지엄,
h_h002412,캐리어,0,3,,쿠팡,,,,,,2,50000,,1171010200
h_h002481,스노쿨링장비,1,4,1900102666,(주)아성다이소,경기 수원시 장안구 창룡대로 181,경기 수원시 장안구 연무동 246-34,2012001,4111113700,2023-07-31 11:58:00,1,46000,땅콩수세미;메쉬짜임 쿠션방석;맘스크린지퍼백(소);맘스크린지퍼백(미니);개별포장디저트포크,
h_h002537,진라면매운맛.오징어짬뽕라면.아침햇살.작은반공기햇반.한라산,1,2,6162990991,한림킹마트,제주특별자치도 제주시 한림읍 한림상로 279,제주특별자치도 제주시 한림읍 한수리 830-4,3349209,5011025035,2023-08-05 21:39:00,1,15150,진라면매운맛;오징어짬뽕라면;아침햇살;작은반공기햇반;한라산,
h_h002604,튜브 공기주입기,2,2,1208800767,쿠팡(주),서울 송파구 송파대로 570,서울 송파구 신천동 7-30,2005011,1171010200,2023-08-17 12:27:00,3,92,JO-PRO 가정용 전기 에어펌프,
h_h002845,셀카봉,0,2,,다이소,1627-6,,,,,1,5000,,4511114200
h_h002945,아쿠아슈즈,0,1,,쿠팡,쿠팡,,,,,1,18000,,4113510500
h_h003116,스노쿨링 세트; 튜브,0,3,,쿠팡,291-1,,,,,5,52010,,1154510200
h_h004058,돗자리,0,1,,다이소,부산 영도구 동삼로 23 다이소 동삼점,,,,,1,3000,,2620012100
h_h004180,고프로 대여,1,2,5248601528,NAVER FINANCIAL ,경기 성남시 분당구 정자일로 95,경기 성남시 분당구 정자동 178-4,3180021,4113510300,2023-08-17 00:00:00,1,34100,[대여/무료배송 주말방문수령]고프로 히어로10 풀패키지 대여,
h_h004372,술안주와 간식,1,6,1108611754,푸르네마트(주)사과마을,서울 은평구 응암로 165,,3005055,1138010700,2023-08-27 15:08:00,1,130740,자연닮은쌀20k;XO수제손만두/칼칼김치;마트홈/프리미엄물티슈;오쉐프)정성가득왕만두;왕소라형2번들,
h_h005257,보조배터리,2,1,,(주)이마트에브리데이,,,,,2023-08-25 15:43:00,1,9660,,
h_h005456,선스틱,0,1,,올리브영,제주 제주시 연북로 527 올리브영 제주아라일동점,,,,,1,14250,,5011011700
h_h005721,카시트대여,0,3,,제주 카시트 붕붕,751-38,,,,,1,17400,,5011010900
h_h006207,제주올패스,0,2,,(주)브이패스,2006-3 주식회사 브이패스   중앙로 352,,,,,1,35540,,5011010400
h_h006364,용눈이오름 야간올라밤 투어,1,1,4988500107,플레이스,제주특별자치도 서귀포시 성산읍 동류암로 20,,3350063,5013025924,2023-09-12 00:02:00,1,40000,오름올라밤(야간 오름 트레킹),
h_h006535,주유,0,1,,일도주유소,일도주유소,,,,,4,30000,,5011010200
h_h006639,레드와인,0,1,,와인창고 본점,연북로 424 1동 1층 101호,,,,,1,29900,,5011012900
